,names,L,R,successful_trials,time_between_breaks,time_since_start,cue_times
0,M1M2,7.0456999999999965,4.007229000000002,True,3.038470999999994,0 days 00:00:03.000740,2023-07-18 14:17:40.000740
