,names,L,R,successful_trials,time_between_breaks,time_since_start,cue_times
0,M5M6,6.044653,3.006154000000002,True,3.038498999999998,0 days 00:00:00.000815,2023-07-18 16:08:19.000815
