,names,L,R,successful_trials,time_between_breaks,time_since_start,cue_times
0,M5M6,2.207676999999997,5.508637,True,3.3009600000000034,0 days 00:00:00.000997,2023-07-18 16:08:49.000997
