,names,L,R,successful_trials,time_between_breaks,time_since_start,cue_times
0,M1M2,14.056773999999997,8.01462,True,6.0421539999999965,0 days 00:00:03.000154,2023-07-18 14:28:52.000154
