trial_numbers,cue_time in s,M5_L_rewards,M5_L_beambreak_time in s,M5_L_reward time in s,M6_R_rewards,M6_R_beambreak_time in s,M6_R_reward time in s,M5_L_beambreak_time,M5_L_reward time,M6_R_beambreak_time,M6_R_reward time,cue_time
,20230718160849997123,1,20230718160852002048,202307181608520,1,20230718160855050576,202307181608550,1689721732.0020483,1689721732.0468597,1689721735.050576,1689721735.0906262,1689721729.9971228
